timestamp,latitude,longitude,filename,closest_dist,closest_monitor,closest_value
2022-01-20 19:09:49+05:30,28.552655,77.105907,20220120_190949___28.552655_77.105907___[org].jpg,1.6308661015096206,IGIAirport_IMD,189.82
2022-01-20 19:12:19+05:30,28.550738,77.120168,20220120_191219___28.550738_77.120168___[org].jpg,1.3508658253202976,IGIAirport_IMD,189.82
2022-01-20 19:13:26+05:30,28.553902,77.123568,20220120_191326___28.553902_77.123568___[org].jpg,1.1240984240243677,IGIAirport_IMD,189.82
2022-01-20 19:14:43+05:30,28.55705,77.132781,20220120_191443___28.55705_77.132781___[org].jpg,1.5789414001463316,IGIAirport_IMD,189.82
2022-01-20 19:15:28+05:30,28.561069,77.133684,20220120_191528___28.561069_77.133684___[org].jpg,1.5457372668514928,IGIAirport_IMD,189.82
2022-01-20 19:15:54+05:30,28.563708,77.133846,20220120_191554___28.563708_77.133846___[org].jpg,1.5533799225146168,IGIAirport_IMD,189.82
2022-01-20 19:16:48+05:30,28.566905,77.133509,20220120_191648___28.566905_77.133509___[org].jpg,1.5844578070456268,IGIAirport_IMD,189.82
2022-01-21 17:01:53+05:30,28.631868,77.375178,20220121_170153___28.631868_77.375178___[org].jpg,1.8909560058814232,Sector62Noida_IMD,145.14
2022-01-21 17:02:08+05:30,28.631925,77.373854,20220121_170208___28.631925_77.373854___[org].jpg,1.7777745005131886,Sector62Noida_IMD,145.14
2022-01-21 17:03:28+05:30,28.631957,77.358967,20220121_170328___28.631957_77.358967___[org].jpg,0.8302908340485262,Sector62Noida_IMD,145.14
2022-01-21 17:04:38+05:30,28.631901,77.34521,20220121_170438___28.631901_77.34521___[org].jpg,1.469111674561725,Sector62Noida_IMD,145.14
2022-01-21 17:05:15+05:30,28.632077,77.340302,20220121_170515___28.632077_77.340302___[org].jpg,1.8958078335827948,Sector62Noida_IMD,145.14
2022-01-21 17:05:33+05:30,28.632168,77.337596,20220121_170533___28.632168_77.337596___[org].jpg,2.140539761489589,Sector62Noida_IMD,145.14
2022-01-21 17:08:50+05:30,28.628075,77.315811,20220121_170850___28.628075_77.315811___[org].jpg,2.166390372009712,AnandVihar_DPCC,242.0
2022-01-21 17:09:42+05:30,28.631314,77.316076,20220121_170942___28.631314_77.316076___[org].jpg,1.8076015547116542,AnandVihar_DPCC,242.0
2022-01-21 17:10:31+05:30,28.636138,77.314466,20220121_171031___28.636138_77.314466___[org].jpg,1.2795258369971476,AnandVihar_DPCC,242.0
2022-01-21 17:10:57+05:30,28.638502,77.314679,20220121_171057___28.638502_77.314679___[org].jpg,1.0167888725436312,AnandVihar_DPCC,242.0
2022-01-21 17:11:29+05:30,28.641439,77.31584,20220121_171129___28.641439_77.31584___[org].jpg,0.6852681153399255,AnandVihar_DPCC,242.0
2022-01-21 17:11:42+05:30,28.642491,77.31634,20220121_171142___28.642491_77.31634___[org].jpg,0.5710332539992825,AnandVihar_DPCC,242.0
2022-01-21 17:12:08+05:30,28.644079,77.316672,20220121_171208___28.644079_77.316672___[org].jpg,0.40163319521243124,AnandVihar_DPCC,242.0
2022-01-21 17:12:25+05:30,28.644754,77.316384,20220121_171225___28.644754_77.316384___[org].jpg,0.3227933243613426,AnandVihar_DPCC,242.0
2022-01-21 17:12:46+05:30,28.644787,77.315188,20220121_171246___28.644787_77.315188___[org].jpg,0.32001517660228185,AnandVihar_DPCC,242.0
2022-01-21 17:12:54+05:30,28.644828,77.314759,20220121_171254___28.644828_77.314759___[org].jpg,0.32623172632550346,AnandVihar_DPCC,242.0
2022-01-21 17:13:10+05:30,28.644775,77.314376,20220121_171310___28.644775_77.314376___[org].jpg,0.34523872610818407,AnandVihar_DPCC,242.0
2022-01-21 17:13:30+05:30,28.644784,77.313864,20220121_171330___28.644784_77.313864___[org].jpg,0.367550680553311,AnandVihar_DPCC,242.0
2022-01-21 17:13:56+05:30,28.645056,77.312288,20220121_171356___28.645056_77.312288___[org].jpg,0.4465212161646369,AnandVihar_DPCC,242.0
2022-01-21 17:14:00+05:30,28.645056,77.312288,20220121_171400___28.645056_77.312288___[org].jpg,0.4465212161646369,AnandVihar_DPCC,242.0
2022-01-21 17:14:18+05:30,28.646094,77.313237,20220121_171418___28.646094_77.313237___[org].jpg,0.30316810985948106,AnandVihar_DPCC,242.0
2022-01-21 17:14:32+05:30,28.646525,77.313775,20220121_171432___28.646525_77.313775___[org].jpg,0.23308194480126873,AnandVihar_DPCC,242.0
2022-01-21 17:15:57+05:30,28.648759,77.316802,20220121_171557___28.648759_77.316802___[org].jpg,0.15907384925706763,AnandVihar_DPCC,242.0
2022-01-21 17:16:20+05:30,28.648928,77.317168,20220121_171620___28.648928_77.317168___[org].jpg,0.19647898471747724,AnandVihar_DPCC,242.0
2022-01-21 17:16:53+05:30,28.648781,77.317658,20220121_171653___28.648781_77.317658___[org].jpg,0.22176141379171654,AnandVihar_DPCC,242.0
2022-01-21 17:17:07+05:30,28.64911,77.318156,20220121_171707___28.64911_77.318156___[org].jpg,0.2825744166720076,AnandVihar_DPCC,242.0
2022-01-21 17:17:41+05:30,28.651876,77.319508,20220121_171741___28.651876_77.319508___[org].jpg,0.5941923218159982,AnandVihar_DPCC,242.0
2022-01-21 17:18:19+05:30,28.655545,77.319781,20220121_171819___28.655545_77.319781___[org].jpg,0.9601363234329153,AnandVihar_DPCC,242.0
2022-01-21 17:18:49+05:30,28.657976,77.320062,20220121_171849___28.657976_77.320062___[org].jpg,1.2205377292636796,AnandVihar_DPCC,242.0
2022-01-21 17:19:54+05:30,28.659664,77.315699,20220121_171954___28.659664_77.315699___[org].jpg,1.3346590509953493,AnandVihar_DPCC,242.0
2022-01-21 17:21:05+05:30,28.659549,77.312785,20220121_172105___28.659549_77.312785___[org].jpg,1.354525540182962,AnandVihar_DPCC,242.0
2022-01-21 17:21:27+05:30,28.659796,77.310875,20220121_172127___28.659796_77.310875___[org].jpg,1.4328752043368826,AnandVihar_DPCC,242.0
2022-01-21 17:22:00+05:30,28.658526,77.310567,20220121_172200___28.658526_77.310567___[org].jpg,1.3126602594721464,AnandVihar_DPCC,242.0
2022-01-21 17:22:31+05:30,28.657375,77.31059,20220121_172231___28.657375_77.31059___[org].jpg,1.1952948120292883,AnandVihar_DPCC,242.0
2022-01-21 17:23:38+05:30,28.65329,77.308303,20220121_172338___28.65329_77.308303___[org].jpg,0.965977553394762,AnandVihar_DPCC,242.0
2022-01-21 17:23:51+05:30,28.652166,77.307214,20220121_172351___28.652166_77.307214___[org].jpg,0.9796521917978721,AnandVihar_DPCC,242.0
2022-01-21 17:24:03+05:30,28.651697,77.306612,20220121_172403___28.651697_77.306612___[org].jpg,1.0062025848040574,AnandVihar_DPCC,242.0
2022-01-21 17:24:44+05:30,28.649164,77.304448,20220121_172444___28.649164_77.304448___[org].jpg,1.1237995352819101,AnandVihar_DPCC,242.0
2022-01-21 17:28:16+05:30,28.640972,77.301731,20220121_172816___28.640972_77.301731___[org].jpg,1.5613182485113117,AnandVihar_DPCC,242.0
2022-01-21 17:30:28+05:30,28.635244,77.305182,20220121_173028___28.635244_77.305182___[org].jpg,1.7209228399964152,AnandVihar_DPCC,242.0
2022-01-21 17:30:57+05:30,28.634873,77.304685,20220121_173057___28.634873_77.304685___[org].jpg,1.7830948515858043,AnandVihar_DPCC,242.0
2022-01-21 17:31:02+05:30,28.634425,77.304852,20220121_173102___28.634425_77.304852___[org].jpg,1.8129971815672248,AnandVihar_DPCC,242.0
2022-01-21 17:31:06+05:30,28.634425,77.304852,20220121_173106___28.634425_77.304852___[org].jpg,1.8129971815672248,AnandVihar_DPCC,242.0
2022-01-21 17:31:23+05:30,28.633268,77.30537,20220121_173123___28.633268_77.30537___[org].jpg,1.8901232565914383,AnandVihar_DPCC,242.0
2022-01-21 17:31:37+05:30,28.632879,77.305535,20220121_173137___28.632879_77.305535___[org].jpg,1.9180532895371334,AnandVihar_DPCC,242.0
2022-01-21 17:31:50+05:30,28.632239,77.305759,20220121_173150___28.632239_77.305759___[org].jpg,1.967801108892455,AnandVihar_DPCC,242.0
2022-01-21 17:31:55+05:30,28.631939,77.305859,20220121_173155___28.631939_77.305859___[org].jpg,1.9918839000119033,AnandVihar_DPCC,242.0
2022-01-21 17:32:06+05:30,28.631146,77.306302,20220121_173206___28.631146_77.306302___[org].jpg,2.0384681288276405,Patparganj_DPCC,147.0
2022-01-21 17:32:25+05:30,28.630327,77.306664,20220121_173225___28.630327_77.306664___[org].jpg,2.0367886586484714,Patparganj_DPCC,147.0
2022-01-21 17:32:37+05:30,28.629552,77.30684,20220121_173237___28.629552_77.30684___[org].jpg,2.024035738147517,Patparganj_DPCC,147.0
2022-01-21 17:32:47+05:30,28.629418,77.306854,20220121_173247___28.629418_77.306854___[org].jpg,2.0206798508861317,Patparganj_DPCC,147.0
2022-01-21 17:33:51+05:30,28.630585,77.311037,20220121_173351___28.630585_77.311037___[org].jpg,1.9450012824161196,AnandVihar_DPCC,242.0
2022-01-21 17:33:59+05:30,28.630658,77.311242,20220121_173359___28.630658_77.311242___[org].jpg,1.9324179980860752,AnandVihar_DPCC,242.0
2022-01-21 17:34:06+05:30,28.63082,77.311557,20220121_173406___28.63082_77.311557___[org].jpg,1.9080070752031653,AnandVihar_DPCC,242.0
2022-01-21 17:34:15+05:30,28.63081,77.311595,20220121_173415___28.63081_77.311595___[org].jpg,1.9082830946453855,AnandVihar_DPCC,242.0
2022-01-21 17:34:21+05:30,28.63081,77.311595,20220121_173421___28.63081_77.311595___[org].jpg,1.9082830946453855,AnandVihar_DPCC,242.0
2022-01-21 17:34:29+05:30,28.630763,77.311556,20220121_173429___28.630763_77.311556___[org].jpg,1.9141943383870277,AnandVihar_DPCC,242.0
2022-01-21 17:34:40+05:30,28.630685,77.311382,20220121_173440___28.630685_77.311382___[org].jpg,1.926384823053374,AnandVihar_DPCC,242.0
2022-01-21 17:34:56+05:30,28.630825,77.311407,20220121_173456___28.630825_77.311407___[org].jpg,1.9107164422767142,AnandVihar_DPCC,242.0
2022-01-21 17:35:20+05:30,28.629943,77.311941,20220121_173520___28.629943_77.311941___[org].jpg,1.995526585844077,AnandVihar_DPCC,242.0
2022-01-21 17:35:52+05:30,28.629879,77.312289,20220121_173552___28.629879_77.312289___[org].jpg,1.996345006968355,AnandVihar_DPCC,242.0
2022-01-21 17:35:58+05:30,28.629879,77.312289,20220121_173558___28.629879_77.312289___[org].jpg,1.996345006968355,AnandVihar_DPCC,242.0
2022-01-21 17:36:02+05:30,28.629879,77.312289,20220121_173602___28.629879_77.312289___[org].jpg,1.996345006968355,AnandVihar_DPCC,242.0
2022-01-21 17:36:07+05:30,28.629879,77.312289,20220121_173607___28.629879_77.312289___[org].jpg,1.996345006968355,AnandVihar_DPCC,242.0
2022-01-21 17:36:15+05:30,28.629898,77.312332,20220121_173615___28.629898_77.312332___[org].jpg,1.9935495150493987,AnandVihar_DPCC,242.0
2022-01-21 17:36:36+05:30,28.629853,77.312269,20220121_173636___28.629853_77.312269___[org].jpg,1.9995210827782106,AnandVihar_DPCC,242.0
2022-01-21 17:36:44+05:30,28.629853,77.312269,20220121_173644___28.629853_77.312269___[org].jpg,1.9995210827782106,AnandVihar_DPCC,242.0
2022-01-21 17:36:47+05:30,28.629853,77.312269,20220121_173647___28.629853_77.312269___[org].jpg,1.9995210827782106,AnandVihar_DPCC,242.0
2022-01-21 17:36:52+05:30,28.629866,77.312303,20220121_173652___28.629866_77.312303___[org].jpg,1.997528869578367,AnandVihar_DPCC,242.0
2022-01-21 17:37:04+05:30,28.629866,77.312303,20220121_173704___28.629866_77.312303___[org].jpg,1.997528869578367,AnandVihar_DPCC,242.0
2022-01-21 17:37:22+05:30,28.629866,77.312303,20220121_173722___28.629866_77.312303___[org].jpg,1.997528869578367,AnandVihar_DPCC,242.0
2022-01-21 17:37:53+05:30,28.629787,77.312323,20220121_173753___28.629787_77.312323___[org].jpg,2.005821882129971,AnandVihar_DPCC,192.0
2022-01-21 17:38:07+05:30,28.629787,77.312323,20220121_173807___28.629787_77.312323___[org].jpg,2.005821882129971,AnandVihar_DPCC,192.0
2022-01-21 17:42:57+05:30,28.628467,77.312745,20220121_174257___28.628467_77.312745___[org].jpg,2.143979569666428,AnandVihar_DPCC,192.0
2022-01-21 17:43:03+05:30,28.628467,77.312745,20220121_174303___28.628467_77.312745___[org].jpg,2.143979569666428,AnandVihar_DPCC,192.0
2022-01-21 17:44:03+05:30,28.6283,77.313009,20220121_174403___28.6283_77.313009___[org].jpg,2.1588830943063764,AnandVihar_DPCC,192.0
2022-01-21 17:45:10+05:30,28.630805,77.31503,20220121_174510___28.630805_77.31503___[org].jpg,1.8653810168905398,AnandVihar_DPCC,192.0
2022-01-21 17:46:09+05:30,28.632938,77.315547,20220121_174609___28.632938_77.315547___[org].jpg,1.6276271665661337,AnandVihar_DPCC,192.0
2022-01-21 17:46:24+05:30,28.633938,77.31528,20220121_174624___28.633938_77.31528___[org].jpg,1.5174775441167214,AnandVihar_DPCC,192.0
2022-01-21 17:46:39+05:30,28.635733,77.314658,20220121_174639___28.635733_77.314658___[org].jpg,1.3224533668078482,AnandVihar_DPCC,192.0
2022-01-21 17:47:04+05:30,28.63739,77.314455,20220121_174704___28.63739_77.314455___[org].jpg,1.1417124688991738,AnandVihar_DPCC,192.0
2022-01-21 17:47:16+05:30,28.639033,77.314877,20220121_174716___28.639033_77.314877___[org].jpg,0.9562695028748803,AnandVihar_DPCC,192.0
2022-01-21 17:48:12+05:30,28.643081,77.316336,20220121_174812___28.643081_77.316336___[org].jpg,0.5059093547352463,AnandVihar_DPCC,192.0
2022-01-21 17:48:30+05:30,28.644124,77.316652,20220121_174830___28.644124_77.316652___[org].jpg,0.396347297377561,AnandVihar_DPCC,192.0
2022-01-21 17:48:33+05:30,28.644488,77.31667,20220121_174833___28.644488_77.31667___[org].jpg,0.3573960415167266,AnandVihar_DPCC,192.0
2022-01-21 17:48:45+05:30,28.644585,77.316757,20220121_174845___28.644585_77.316757___[org].jpg,0.3491184653994575,AnandVihar_DPCC,192.0
2022-01-21 17:49:43+05:30,28.647158,77.317768,20220121_174943___28.647158_77.317768___[org].jpg,0.19831072664673377,AnandVihar_DPCC,192.0
2022-01-21 17:49:53+05:30,28.64819,77.318162,20220121_174953___28.64819_77.318162___[org].jpg,0.23850414532742706,AnandVihar_DPCC,192.0
2022-01-21 17:50:06+05:30,28.648815,77.318503,20220121_175006___28.648815_77.318503___[org].jpg,0.2947090778071939,AnandVihar_DPCC,192.0
2022-01-21 17:51:04+05:30,28.654191,77.31972,20220121_175104___28.654191_77.31972___[org].jpg,0.8223397274842038,AnandVihar_DPCC,192.0
2022-01-21 17:51:29+05:30,28.657315,77.319855,20220121_175129___28.657315_77.319855___[org].jpg,1.1447827345522805,AnandVihar_DPCC,192.0
2022-01-21 17:51:41+05:30,28.657723,77.319778,20220121_175141___28.657723_77.319778___[org].jpg,1.1848324014688294,AnandVihar_DPCC,192.0
2022-01-21 17:55:20+05:30,28.665051,77.314673,20220121_175520___28.665051_77.314673___[org].jpg,0.8100984085816421,VivekVihar_DPCC,227.0
2022-01-21 17:55:29+05:30,28.667685,77.314507,20220121_175529___28.667685_77.314507___[org].jpg,0.5213585529930078,VivekVihar_DPCC,227.0
2022-01-21 17:55:32+05:30,28.667685,77.314507,20220121_175532___28.667685_77.314507___[org].jpg,0.5213585529930078,VivekVihar_DPCC,227.0
2022-01-21 17:55:37+05:30,28.66817,77.314503,20220121_175537___28.66817_77.314503___[org].jpg,0.4682673119237723,VivekVihar_DPCC,227.0
2022-01-21 17:55:41+05:30,28.66817,77.314503,20220121_175541___28.66817_77.314503___[org].jpg,0.4682673119237723,VivekVihar_DPCC,227.0
2022-01-21 17:55:47+05:30,28.668189,77.314546,20220121_175547___28.668189_77.314546___[org].jpg,0.46553948303049136,VivekVihar_DPCC,227.0
2022-01-21 17:56:26+05:30,28.667866,77.314722,20220121_175626___28.667866_77.314722___[org].jpg,0.4988561610013143,VivekVihar_DPCC,227.0
2022-01-21 17:56:37+05:30,28.667636,77.314947,20220121_175637___28.667636_77.314947___[org].jpg,0.5224641395898949,VivekVihar_DPCC,227.0
2022-01-21 17:56:44+05:30,28.667114,77.315098,20220121_175644___28.667114_77.315098___[org].jpg,0.5796373307983138,VivekVihar_DPCC,227.0
2022-01-21 17:56:55+05:30,28.666481,77.315335,20220121_175655___28.666481_77.315335___[org].jpg,0.6496179325514877,VivekVihar_DPCC,227.0
2022-01-21 17:57:08+05:30,28.666043,77.315389,20220121_175708___28.666043_77.315389___[org].jpg,0.698234093523417,VivekVihar_DPCC,227.0
2022-01-21 17:57:18+05:30,28.665421,77.315137,20220121_175718___28.665421_77.315137___[org].jpg,0.7671508744547768,VivekVihar_DPCC,227.0
2022-01-21 17:57:26+05:30,28.66542,77.315075,20220121_175726___28.66542_77.315075___[org].jpg,0.7673805822184672,VivekVihar_DPCC,227.0
2022-01-21 17:58:34+05:30,28.66543,77.315212,20220121_175834___28.66543_77.315212___[org].jpg,0.7660735508179599,VivekVihar_DPCC,227.0
2022-01-21 17:59:09+05:30,28.662948,77.314671,20220121_175909___28.662948_77.314671___[org].jpg,1.0427305349861615,VivekVihar_DPCC,227.0
2022-01-21 17:59:17+05:30,28.662948,77.314671,20220121_175917___28.662948_77.314671___[org].jpg,1.0427305349861615,VivekVihar_DPCC,227.0
2022-01-21 17:59:28+05:30,28.661858,77.314443,20220121_175928___28.661858_77.314443___[org].jpg,1.1646860145568572,VivekVihar_DPCC,227.0
2022-01-21 17:59:33+05:30,28.661858,77.314443,20220121_175933___28.661858_77.314443___[org].jpg,1.1646860145568572,VivekVihar_DPCC,227.0
2022-01-21 17:59:38+05:30,28.662044,77.314296,20220121_175938___28.662044_77.314296___[org].jpg,1.1452136803180215,VivekVihar_DPCC,227.0
2022-01-21 17:59:44+05:30,28.662044,77.314296,20220121_175944___28.662044_77.314296___[org].jpg,1.1452136803180215,VivekVihar_DPCC,227.0
2022-01-21 18:06:09+05:30,28.66029,77.313596,20220121_180609___28.66029_77.313596___[org].jpg,1.345593712509066,VivekVihar_DPCC,227.0
2022-01-21 18:06:52+05:30,28.659306,77.310659,20220121_180652___28.659306_77.310659___[org].jpg,1.389371361223404,AnandVihar_DPCC,192.0
2022-01-21 18:07:28+05:30,28.656883,77.31044,20220121_180728___28.656883_77.31044___[org].jpg,1.1528232243594958,AnandVihar_DPCC,192.0
2022-01-21 18:08:22+05:30,28.653782,77.309092,20220121_180822___28.653782_77.309092___[org].jpg,0.9472764320891566,AnandVihar_DPCC,192.0
2022-01-21 18:08:47+05:30,28.65297,77.308168,20220121_180847___28.65297_77.308168___[org].jpg,0.95360306787371,AnandVihar_DPCC,192.0
2022-01-21 18:08:59+05:30,28.652392,77.307639,20220121_180859___28.652392_77.307639___[org].jpg,0.9578467690269444,AnandVihar_DPCC,192.0
2022-01-21 18:10:06+05:30,28.649117,77.304613,20220121_181006___28.649117_77.304613___[org].jpg,1.1070670027319844,AnandVihar_DPCC,192.0
2022-01-21 18:10:16+05:30,28.648623,77.304227,20220121_181016___28.648623_77.304227___[org].jpg,1.1377599832637895,AnandVihar_DPCC,192.0
2022-01-21 18:10:29+05:30,28.648374,77.303762,20220121_181029___28.648374_77.303762___[org].jpg,1.1807464688709353,AnandVihar_DPCC,192.0
2022-01-21 18:16:48+05:30,28.636639,77.286733,20220121_181648___28.636639_77.286733___[org].jpg,1.4278019307567265,Patparganj_DPCC,138.0
2022-01-21 18:19:31+05:30,28.636132,77.286433,20220121_181931___28.636132_77.286433___[org].jpg,1.372950845798131,Patparganj_DPCC,138.0
2022-01-21 18:20:04+05:30,28.635948,77.28547,20220121_182004___28.635948_77.28547___[org].jpg,1.3611234809439101,Patparganj_DPCC,138.0
2022-01-21 18:20:23+05:30,28.635845,77.285284,20220121_182023___28.635845_77.285284___[org].jpg,1.3522098823581563,Patparganj_DPCC,138.0
2022-01-21 18:20:42+05:30,28.634871,77.28421,20220121_182042___28.634871_77.28421___[org].jpg,1.2655419123537655,Patparganj_DPCC,138.0
2022-01-21 18:21:37+05:30,28.633781,77.282711,20220121_182137___28.633781_77.282711___[org].jpg,1.1942378230046546,Patparganj_DPCC,138.0
2022-01-21 18:22:21+05:30,28.632619,77.280522,20220121_182221___28.632619_77.280522___[org].jpg,1.1793776163742684,Patparganj_DPCC,138.0
2022-01-21 18:23:38+05:30,28.630305,77.27738,20220121_182338___28.630305_77.27738___[org].jpg,1.203948938256002,Patparganj_DPCC,138.0
2022-01-21 18:25:11+05:30,28.629908,77.277072,20220121_182511___28.629908_77.277072___[org].jpg,1.2026772490303226,Patparganj_DPCC,138.0
2022-01-21 18:26:07+05:30,28.629601,77.27662,20220121_182607___28.629601_77.27662___[org].jpg,1.220995143111176,Patparganj_DPCC,138.0
2022-01-21 18:26:25+05:30,28.628236,77.271899,20220121_182625___28.628236_77.271899___[org].jpg,1.5770703764146166,Patparganj_DPCC,138.0
2022-01-21 18:27:07+05:30,28.628106,77.266335,20220121_182707___28.628106_77.266335___[org].jpg,2.0972023235770876,Patparganj_DPCC,138.0
2022-01-21 18:29:14+05:30,28.628146,77.248471,20220121_182914___28.628146_77.248471___[org].jpg,0.7266211797332343,ITO_CPCB,140.0
2022-01-21 18:30:27+05:30,28.628013,77.247599,20220121_183027___28.628013_77.247599___[org].jpg,0.6429946964737944,ITO_CPCB,140.0
2022-01-21 18:31:15+05:30,28.627742,77.243155,20220121_183115___28.627742_77.243155___[org].jpg,0.226987514393846,ITO_CPCB,140.0
2022-01-21 18:31:18+05:30,28.627761,77.242745,20220121_183118___28.627761_77.242745___[org].jpg,0.19051736142826026,ITO_CPCB,140.0
2022-01-21 18:31:24+05:30,28.627761,77.242745,20220121_183124___28.627761_77.242745___[org].jpg,0.19051736142826026,ITO_CPCB,140.0
2022-01-21 18:31:43+05:30,28.627783,77.24257,20220121_183143___28.627783_77.24257___[org].jpg,0.1746139351793016,ITO_CPCB,140.0
2022-01-21 18:32:15+05:30,28.62758,77.242526,20220121_183215___28.62758_77.242526___[org].jpg,0.18422326156460933,ITO_CPCB,140.0
2022-01-21 18:32:26+05:30,28.627747,77.242526,20220121_183226___28.627747_77.242526___[org].jpg,0.17319826025380536,ITO_CPCB,140.0
2022-01-21 18:34:17+05:30,28.627761,77.242493,20220121_183417___28.627761_77.242493___[org].jpg,0.16965743838803643,ITO_CPCB,140.0
2022-01-21 18:35:55+05:30,28.621091,77.237763,20220121_183555___28.621091_77.237763___[org].jpg,0.8949699687808815,ITO_CPCB,140.0
2022-01-21 18:36:04+05:30,28.621043,77.237691,20220121_183604___28.621043_77.237691___[org].jpg,0.9024810276055637,ITO_CPCB,140.0
2022-01-21 18:36:14+05:30,28.62097,77.237645,20220121_183614___28.62097_77.237645___[org].jpg,0.9116562112713317,ITO_CPCB,140.0
2022-01-21 18:36:52+05:30,28.620924,77.237631,20220121_183652___28.620924_77.237631___[org].jpg,0.9169017244416714,ITO_CPCB,140.0
2022-01-21 18:38:04+05:30,28.61548,77.233657,20220121_183804___28.61548_77.233657___[org].jpg,0.6130804231190541,MDCNS_DPCC,140.0
2022-01-21 18:38:20+05:30,28.615016,77.23396,20220121_183820___28.615016_77.23396___[org].jpg,0.5548631106500339,MDCNS_DPCC,140.0
2022-01-21 18:38:38+05:30,28.61489,77.234102,20220121_183838___28.61489_77.234102___[org].jpg,0.5351984951441356,MDCNS_DPCC,140.0
2022-01-21 18:39:05+05:30,28.614111,77.234814,20220121_183905___28.614111_77.234814___[org].jpg,0.4244427623265944,MDCNS_DPCC,140.0
2022-01-21 18:40:02+05:30,28.61001,77.232509,20220121_184002___28.61001_77.232509___[org].jpg,0.5304511749218068,MDCNS_DPCC,140.0
2022-01-21 18:40:48+05:30,28.609228,77.22877,20220121_184048___28.609228_77.22877___[org].jpg,0.9061223742571973,MDCNS_DPCC,140.0
2022-01-21 18:41:10+05:30,28.607535,77.227378,20220121_184110___28.607535_77.227378___[org].jpg,1.0949958475242398,MDCNS_DPCC,140.0
2022-01-21 18:41:33+05:30,28.60649,77.22675,20220121_184133___28.60649_77.22675___[org].jpg,1.1986852991426902,MDCNS_DPCC,140.0
2022-01-21 18:42:27+05:30,28.605417,77.226652,20220121_184227___28.605417_77.226652___[org].jpg,1.2641130625272472,MDCNS_DPCC,140.0
2022-01-21 18:42:32+05:30,28.605417,77.226652,20220121_184232___28.605417_77.226652___[org].jpg,1.2641130625272472,MDCNS_DPCC,140.0
2022-01-21 18:42:39+05:30,28.603111,77.227225,20220121_184239___28.603111_77.227225___[org].jpg,1.2508991999395391,LodhiRoad_IMD,93.11
2022-01-21 18:42:48+05:30,28.603315,77.227148,20220121_184248___28.603315_77.227148___[org].jpg,1.2735778418885682,LodhiRoad_IMD,93.11
2022-01-21 18:44:03+05:30,28.602359,77.231628,20220121_184403___28.602359_77.231628___[org].jpg,1.1553691139001214,MDCNS_DPCC,140.0
2022-01-21 18:44:14+05:30,28.602459,77.231698,20220121_184414___28.602459_77.231698___[org].jpg,1.142342545607556,MDCNS_DPCC,140.0
2022-01-21 18:46:42+05:30,28.593151,77.234143,20220121_184642___28.593151_77.234143___[org].jpg,0.6846201833723474,LodhiRoad_IMD,93.11
2022-01-21 18:46:51+05:30,28.592227,77.234635,20220121_184651___28.592227_77.234635___[org].jpg,0.7181656421532481,LodhiRoad_IMD,93.11
2022-01-21 18:46:58+05:30,28.59238,77.234598,20220121_184658___28.59238_77.234598___[org].jpg,0.7158115327805773,LodhiRoad_IMD,93.11
2022-01-21 18:47:07+05:30,28.592353,77.234541,20220121_184707___28.592353_77.234541___[org].jpg,0.7100036404298388,LodhiRoad_IMD,93.11
2022-01-21 18:48:18+05:30,28.591952,77.235666,20220121_184818___28.591952_77.235666___[org].jpg,0.8177534761804063,LodhiRoad_IMD,93.11
2022-01-21 18:49:09+05:30,28.590508,77.23351,20220121_184909___28.590508_77.23351___[org].jpg,0.6240344020982187,LodhiRoad_IMD,93.11
2022-01-21 18:49:25+05:30,28.588653,77.233805,20220121_184925___28.588653_77.233805___[org].jpg,0.72631628766089,LodhiRoad_IMD,93.11
2022-01-21 18:49:42+05:30,28.587667,77.233977,20220121_184942___28.587667_77.233977___[org].jpg,0.7987320287099671,LodhiRoad_IMD,93.11
2022-01-21 18:50:32+05:30,28.585824,77.234236,20220121_185032___28.585824_77.234236___[org].jpg,0.615724205337405,JNS_DPCC,101.0
2022-01-21 18:50:38+05:30,28.585168,77.234071,20220121_185038___28.585168_77.234071___[org].jpg,0.5422487710348732,JNS_DPCC,101.0
2022-01-21 18:51:43+05:30,28.584698,77.229692,20220121_185143___28.584698_77.229692___[org].jpg,0.6352501593814335,JNS_DPCC,101.0
2022-01-21 18:52:03+05:30,28.58456,77.229727,20220121_185203___28.58456_77.229727___[org].jpg,0.6213208486925422,JNS_DPCC,101.0
2022-01-21 18:52:16+05:30,28.584914,77.230163,20220121_185216___28.584914_77.230163___[org].jpg,0.6264070956394899,JNS_DPCC,101.0
2022-01-21 18:52:34+05:30,28.584914,77.230163,20220121_185234___28.584914_77.230163___[org].jpg,0.6264070956394899,JNS_DPCC,147.0
2022-01-21 18:53:29+05:30,28.584855,77.227551,20220121_185329___28.584855_77.227551___[org].jpg,0.6927435478375147,LodhiRoad_IITM,291.2
2022-01-21 18:53:36+05:30,28.584774,77.226988,20220121_185336___28.584774_77.226988___[org].jpg,0.6530899193327604,LodhiRoad_IITM,291.2
2022-01-21 18:55:32+05:30,28.590318,77.223542,20220121_185532___28.590318_77.223542___[org].jpg,0.2864249937733221,LodhiRoad_IITM,291.2
2022-01-21 18:56:19+05:30,28.589909,77.220517,20220121_185619___28.589909_77.220517___[org].jpg,0.20775832521052892,LodhiRoad_IITM,291.2
2022-01-21 18:56:45+05:30,28.589858,77.219124,20220121_185645___28.589858_77.219124___[org].jpg,0.3007452804058549,LodhiRoad_IITM,291.2
2022-01-21 18:56:58+05:30,28.589783,77.218424,20220121_185658___28.589783_77.218424___[org].jpg,0.35561762114772566,LodhiRoad_IITM,291.2
2022-01-21 18:57:12+05:30,28.589722,77.218086,20220121_185712___28.589722_77.218086___[org].jpg,0.3826330442747652,LodhiRoad_IITM,291.2
2022-01-21 18:58:26+05:30,28.586073,77.212744,20220121_185826___28.586073_77.212744___[org].jpg,0.9081052305588931,LodhiRoad_IITM,291.2
2022-01-21 18:58:45+05:30,28.584724,77.212641,20220121_185845___28.584724_77.212641___[org].jpg,0.9693322291009646,LodhiRoad_IITM,291.2
2022-01-21 19:04:41+05:30,28.580896,77.212159,20220121_190441___28.580896_77.212159___[org].jpg,1.2427801820325466,LodhiRoad_IITM,291.2
2022-01-21 19:05:30+05:30,28.57651,77.210986,20220121_190530___28.57651_77.210986___[org].jpg,1.6759420085724808,LodhiRoad_IITM,291.2
2022-01-21 19:05:40+05:30,28.576343,77.21096,20220121_190540___28.576343_77.21096___[org].jpg,1.6920260344650557,LodhiRoad_IITM,291.2
2022-01-21 19:07:49+05:30,28.575967,77.218523,20220121_190749___28.575967_77.218523___[org].jpg,1.4045991102700992,LodhiRoad_IITM,184.0
2022-01-21 19:07:56+05:30,28.575748,77.218529,20220121_190756___28.575748_77.218529___[org].jpg,1.428165232917293,LodhiRoad_IITM,184.0
2022-01-21 19:08:04+05:30,28.575748,77.218529,20220121_190804___28.575748_77.218529___[org].jpg,1.428165232917293,LodhiRoad_IITM,184.0
2022-01-21 19:08:09+05:30,28.575791,77.218465,20220121_190809___28.575791_77.218465___[org].jpg,1.4248746712550768,LodhiRoad_IITM,184.0
2022-01-21 19:09:30+05:30,28.57506,77.216114,20220121_190930___28.57506_77.216114___[org].jpg,1.568134907366539,LodhiRoad_IITM,184.0
2022-01-21 19:09:42+05:30,28.574009,77.215078,20220121_190942___28.574009_77.215078___[org].jpg,1.713388842046016,LodhiRoad_IITM,184.0
2022-01-21 19:10:08+05:30,28.573109,77.213182,20220121_191008___28.573109_77.213182___[org].jpg,1.8803938212874538,LodhiRoad_IITM,184.0
2022-01-21 19:10:26+05:30,28.572522,77.211804,20220121_191026___28.572522_77.211804___[org].jpg,2.0004078827987546,LodhiRoad_IITM,184.0
2022-01-21 19:11:28+05:30,28.572836,77.209712,20220121_191128___28.572836_77.209712___[org].jpg,2.0779107633395375,LodhiRoad_IITM,184.0
2022-01-21 19:12:20+05:30,28.569295,77.211107,20220121_191220___28.569295_77.211107___[org].jpg,2.1440968120411172,Sirifort_CPCB,163.0
2022-01-21 19:13:22+05:30,28.569345,77.216624,20220121_191322___28.569345_77.216624___[org].jpg,2.0741421961104196,JNS_DPCC,147.0
2022-01-21 19:15:06+05:30,28.568161,77.224789,20220121_191506___28.568161_77.224789___[org].jpg,1.6081762041070382,JNS_DPCC,147.0
2022-01-21 19:17:10+05:30,28.564872,77.240077,20220121_191710___28.564872_77.240077___[org].jpg,1.0746610080986765,NehruNagar_DPCC,235.0
2022-01-21 19:17:28+05:30,28.565262,77.242233,20220121_191728___28.565262_77.242233___[org].jpg,0.8610863245091928,NehruNagar_DPCC,235.0
2022-01-21 19:17:42+05:30,28.565348,77.243268,20220121_191742___28.565348_77.243268___[org].jpg,0.7629829615217342,NehruNagar_DPCC,235.0
2022-01-21 19:18:13+05:30,28.565575,77.245297,20220121_191813___28.565575_77.245297___[org].jpg,0.5713846069138702,NehruNagar_DPCC,235.0
2022-01-21 19:20:02+05:30,28.56542,77.246164,20220121_192002___28.56542_77.246164___[org].jpg,0.5061311171433827,NehruNagar_DPCC,235.0
2022-01-21 19:22:23+05:30,28.565631,77.248562,20220121_192223___28.565631_77.248562___[org].jpg,0.3149524608944767,NehruNagar_DPCC,235.0
2022-01-21 19:27:35+05:30,28.568534,77.253522,20220121_192735___28.568534_77.253522___[org].jpg,0.30274186089107014,NehruNagar_DPCC,235.0
2022-01-21 19:27:56+05:30,28.569148,77.253643,20220121_192756___28.569148_77.253643___[org].jpg,0.336307598148406,NehruNagar_DPCC,235.0
2022-01-21 19:28:18+05:30,28.570324,77.254571,20220121_192818___28.570324_77.254571___[org].jpg,0.47984467449906965,NehruNagar_DPCC,235.0
2022-01-21 19:29:58+05:30,28.568172,77.25395,20220121_192958___28.568172_77.25395___[org].jpg,0.33753477392594294,NehruNagar_DPCC,235.0
2022-01-21 19:30:31+05:30,28.566461,77.253072,20220121_193031___28.566461_77.253072___[org].jpg,0.2960970451912977,NehruNagar_DPCC,235.0
2022-01-21 19:30:41+05:30,28.56632,77.252954,20220121_193041___28.56632_77.252954___[org].jpg,0.29533695762055623,NehruNagar_DPCC,235.0
2022-01-21 19:30:52+05:30,28.566263,77.252921,20220121_193052___28.566263_77.252921___[org].jpg,0.29653275306545035,NehruNagar_DPCC,235.0
2022-01-21 19:31:23+05:30,28.565411,77.250787,20220121_193123___28.565411_77.250787___[org].jpg,0.2760301574481705,NehruNagar_DPCC,235.0
2022-01-21 19:32:10+05:30,28.563273,77.250395,20220121_193210___28.563273_77.250395___[org].jpg,0.5118304800212958,NehruNagar_DPCC,235.0
2022-01-21 19:32:16+05:30,28.562774,77.250668,20220121_193216___28.562774_77.250668___[org].jpg,0.5671968469117937,NehruNagar_DPCC,235.0
2022-01-21 19:32:22+05:30,28.562903,77.250618,20220121_193222___28.562903_77.250618___[org].jpg,0.5527942429568762,NehruNagar_DPCC,235.0
2022-01-21 19:32:43+05:30,28.562846,77.250583,20220121_193243___28.562846_77.250583___[org].jpg,0.5590591928959275,NehruNagar_DPCC,235.0
2022-01-21 19:34:35+05:30,28.562157,77.252258,20220121_193435___28.562157_77.252258___[org].jpg,0.6578700459969127,NehruNagar_DPCC,235.0
2022-01-21 19:34:44+05:30,28.560304,77.26133,20220121_193444___28.560304_77.26133___[org].jpg,1.351526885667954,NehruNagar_DPCC,235.0
2022-01-21 19:35:03+05:30,28.559902,77.26175,20220121_193503___28.559902_77.26175___[org].jpg,1.4114501175356537,NehruNagar_DPCC,235.0
2022-01-21 19:35:18+05:30,28.559959,77.26179,20220121_193518___28.559959_77.26179___[org].jpg,1.4105550472145603,NehruNagar_DPCC,235.0
2022-01-21 19:35:35+05:30,28.559536,77.262061,20220121_193535___28.559536_77.262061___[org].jpg,1.4568957286408637,CRRIMathuraRoad_IMD,126.32
2022-01-21 19:35:53+05:30,28.557814,77.263375,20220121_193553___28.557814_77.263375___[org].jpg,1.2382255604448895,CRRIMathuraRoad_IMD,126.32
2022-01-21 19:36:19+05:30,28.556778,77.263898,20220121_193619___28.556778_77.263898___[org].jpg,1.1307298180916354,CRRIMathuraRoad_IMD,126.32
2022-01-21 19:36:36+05:30,28.555626,77.265396,20220121_193636___28.555626_77.265396___[org].jpg,0.9385761726139179,CRRIMathuraRoad_IMD,126.32
2022-01-22 16:08:01+05:30,28.670381,77.456135,20220122_160801___28.670381_77.456135___[org].jpg,1.6776446774532692,SanjayNagarGhaziabad_UPPCB,126.0
2022-01-22 16:08:25+05:30,28.673061,77.455542,20220122_160825___28.673061_77.455542___[org].jpg,1.3756493949130566,SanjayNagarGhaziabad_UPPCB,126.0
2022-01-22 16:08:34+05:30,28.673644,77.455273,20220122_160834___28.673644_77.455273___[org].jpg,1.3084564789912312,SanjayNagarGhaziabad_UPPCB,126.0
2022-01-22 16:08:44+05:30,28.673794,77.455285,20220122_160844___28.673794_77.455285___[org].jpg,1.2920565479621575,SanjayNagarGhaziabad_UPPCB,126.0
2022-01-22 16:12:13+05:30,28.68349,77.453589,20220122_161213___28.68349_77.453589___[org].jpg,0.21111014344423637,SanjayNagarGhaziabad_UPPCB,126.0
2022-01-22 16:13:21+05:30,28.687307,77.450782,20220122_161321___28.687307_77.450782___[org].jpg,0.3671220464125759,SanjayNagarGhaziabad_UPPCB,126.0
2022-01-22 16:13:36+05:30,28.68789,77.450336,20220122_161336___28.68789_77.450336___[org].jpg,0.44098640888338225,SanjayNagarGhaziabad_UPPCB,126.0
2022-01-22 16:13:46+05:30,28.687681,77.450516,20220122_161346___28.687681_77.450516___[org].jpg,0.41278673282596934,SanjayNagarGhaziabad_UPPCB,126.0
2022-01-22 16:13:57+05:30,28.687843,77.450551,20220122_161357___28.687843_77.450551___[org].jpg,0.4214910028240341,SanjayNagarGhaziabad_UPPCB,126.0
2022-01-22 16:14:06+05:30,28.687913,77.450609,20220122_161406___28.687913_77.450609___[org].jpg,0.4222985478900254,SanjayNagarGhaziabad_UPPCB,126.0
2022-01-22 16:14:18+05:30,28.688277,77.451112,20220122_161418___28.688277_77.451112___[org].jpg,0.41710526247508733,SanjayNagarGhaziabad_UPPCB,126.0
2022-01-22 16:14:27+05:30,28.68839,77.451291,20220122_161427___28.68839_77.451291___[org].jpg,0.4161148980723868,SanjayNagarGhaziabad_UPPCB,126.0
2022-01-22 16:14:36+05:30,28.688822,77.451802,20220122_161436___28.688822_77.451802___[org].jpg,0.43010364269833495,SanjayNagarGhaziabad_UPPCB,126.0
2022-01-22 16:14:48+05:30,28.689098,77.452181,20220122_161448___28.689098_77.452181___[org].jpg,0.4425763290862692,SanjayNagarGhaziabad_UPPCB,126.0
2022-01-22 16:15:01+05:30,28.689384,77.452506,20220122_161501___28.689384_77.452506___[org].jpg,0.4622801994561236,SanjayNagarGhaziabad_UPPCB,126.0
2022-01-22 16:15:06+05:30,28.689384,77.452506,20220122_161506___28.689384_77.452506___[org].jpg,0.4622801994561236,SanjayNagarGhaziabad_UPPCB,126.0
2022-01-22 16:15:24+05:30,28.690097,77.453242,20220122_161524___28.690097_77.453242___[org].jpg,0.5258134691073357,SanjayNagarGhaziabad_UPPCB,126.0
2022-01-22 16:15:33+05:30,28.690259,77.453488,20220122_161533___28.690259_77.453488___[org].jpg,0.5416084000003395,SanjayNagarGhaziabad_UPPCB,126.0
2022-01-22 16:15:43+05:30,28.690455,77.453634,20220122_161543___28.690455_77.453634___[org].jpg,0.5626006419689487,SanjayNagarGhaziabad_UPPCB,126.0
2022-01-22 16:15:57+05:30,28.69094,77.454142,20220122_161557___28.69094_77.454142___[org].jpg,0.6167080288400718,SanjayNagarGhaziabad_UPPCB,126.0
2022-01-22 16:17:13+05:30,28.693928,77.455003,20220122_161713___28.693928_77.455003___[org].jpg,0.9539655602238087,SanjayNagarGhaziabad_UPPCB,126.0
2022-01-22 16:19:19+05:30,28.689766,77.453192,20220122_161919___28.689766_77.453192___[org].jpg,0.4899786130215117,SanjayNagarGhaziabad_UPPCB,126.0
2022-01-22 16:20:02+05:30,28.688788,77.45196,20220122_162002___28.688788_77.45196___[org].jpg,0.41978606374787175,SanjayNagarGhaziabad_UPPCB,126.0
2022-01-22 16:20:22+05:30,28.688076,77.451064,20220122_162022___28.688076_77.451064___[org].jpg,0.4033613191972341,SanjayNagarGhaziabad_UPPCB,126.0
2022-01-22 16:21:13+05:30,28.688991,77.449516,20220122_162113___28.688991_77.449516___[org].jpg,0.5817974458299191,SanjayNagarGhaziabad_UPPCB,126.0
2022-01-22 16:22:03+05:30,28.693192,77.445938,20220122_162203___28.693192_77.445938___[org].jpg,1.1599423299620766,SanjayNagarGhaziabad_UPPCB,126.0
2022-01-22 16:22:14+05:30,28.692686,77.445712,20220122_162214___28.692686_77.445712___[org].jpg,1.1340749447513134,SanjayNagarGhaziabad_UPPCB,126.0
2022-01-22 16:23:23+05:30,28.695991,77.441333,20220122_162323___28.695991_77.441333___[org].jpg,1.6959476423775148,SanjayNagarGhaziabad_UPPCB,126.0
2022-01-22 16:23:27+05:30,28.695991,77.441333,20220122_162327___28.695991_77.441333___[org].jpg,1.6959476423775148,SanjayNagarGhaziabad_UPPCB,126.0
2022-01-22 16:23:47+05:30,28.693492,77.439995,20220122_162347___28.693492_77.439995___[org].jpg,1.6243148864548302,SanjayNagarGhaziabad_UPPCB,126.0
2022-01-22 16:24:56+05:30,28.692491,77.439146,20220122_162456___28.692491_77.439146___[org].jpg,1.6378914317278779,SanjayNagarGhaziabad_UPPCB,126.0
2022-01-22 16:25:28+05:30,28.691533,77.438049,20220122_162528___28.691533_77.438049___[org].jpg,1.687025908292377,SanjayNagarGhaziabad_UPPCB,126.0
2022-01-22 16:25:50+05:30,28.690338,77.436391,20220122_162550___28.690338_77.436391___[org].jpg,1.7914798123099263,SanjayNagarGhaziabad_UPPCB,126.0
2022-01-22 16:41:34+05:30,28.65862,77.379271,20220122_164134___28.65862_77.379271___[org].jpg,2.1604544770788956,VasundharaGhaziabad_UPPCB,132.0
2022-01-22 16:42:16+05:30,28.657211,77.376763,20220122_164216___28.657211_77.376763___[org].jpg,1.9380897399382304,VasundharaGhaziabad_UPPCB,132.0
2022-01-22 16:43:29+05:30,28.658604,77.375759,20220122_164329___28.658604_77.375759___[org].jpg,1.818901147088006,VasundharaGhaziabad_UPPCB,132.0
2022-01-22 16:43:42+05:30,28.658751,77.375745,20220122_164342___28.658751_77.375745___[org].jpg,1.8158919322956095,VasundharaGhaziabad_UPPCB,132.0
2022-01-22 16:44:22+05:30,28.660252,77.376252,20220122_164422___28.660252_77.376252___[org].jpg,1.856962126515848,VasundharaGhaziabad_UPPCB,132.0
2022-01-22 16:44:38+05:30,28.66066,77.377206,20220122_164438___28.66066_77.377206___[org].jpg,1.9505282348371074,VasundharaGhaziabad_UPPCB,132.0
2022-01-22 16:44:44+05:30,28.660911,77.377783,20220122_164444___28.660911_77.377783___[org].jpg,2.0076140243470344,VasundharaGhaziabad_UPPCB,132.0
2022-01-22 16:45:25+05:30,28.660861,77.377743,20220122_164525___28.660861_77.377743___[org].jpg,2.0035372444339083,VasundharaGhaziabad_UPPCB,132.0
2022-01-22 16:45:38+05:30,28.660801,77.377701,20220122_164538___28.660801_77.377701___[org].jpg,1.999250843212746,VasundharaGhaziabad_UPPCB,132.0
2022-01-22 16:45:57+05:30,28.66063,77.377365,20220122_164557___28.66063_77.377365___[org].jpg,1.966010839208345,VasundharaGhaziabad_UPPCB,132.0
2022-01-22 16:46:03+05:30,28.66063,77.377365,20220122_164603___28.66063_77.377365___[org].jpg,1.966010839208345,VasundharaGhaziabad_UPPCB,132.0
2022-01-22 16:46:21+05:30,28.659857,77.376463,20220122_164621___28.659857_77.376463___[org].jpg,1.8783155396905429,VasundharaGhaziabad_UPPCB,132.0
2022-01-22 16:47:02+05:30,28.65811,77.376076,20220122_164702___28.65811_77.376076___[org].jpg,1.8562004915938302,VasundharaGhaziabad_UPPCB,132.0
2022-01-22 16:47:11+05:30,28.657815,77.376015,20220122_164711___28.657815_77.376015___[org].jpg,1.8549325402443326,VasundharaGhaziabad_UPPCB,132.0
2022-01-22 16:47:18+05:30,28.657815,77.376015,20220122_164718___28.657815_77.376015___[org].jpg,1.8549325402443326,VasundharaGhaziabad_UPPCB,132.0
2022-01-22 16:47:23+05:30,28.656708,77.376348,20220122_164723___28.656708_77.376348___[org].jpg,1.909145334732282,VasundharaGhaziabad_UPPCB,132.0
2022-01-22 16:47:34+05:30,28.656276,77.376637,20220122_164734___28.656276_77.376637___[org].jpg,1.947276471492106,VasundharaGhaziabad_UPPCB,132.0
2022-01-22 16:47:48+05:30,28.655187,77.376898,20220122_164748___28.655187_77.376898___[org].jpg,2.0030983042798183,VasundharaGhaziabad_UPPCB,132.0
2022-01-22 16:48:08+05:30,28.654088,77.37699,20220122_164808___28.654088_77.37699___[org].jpg,2.043902537712231,IndirapuramGhaziabad_UPPCB,97.0
2022-01-22 16:48:19+05:30,28.653339,77.377078,20220122_164819___28.653339_77.377078___[org].jpg,2.0178729260645825,IndirapuramGhaziabad_UPPCB,97.0
2022-01-22 16:48:54+05:30,28.650288,77.378712,20220122_164854___28.650288_77.378712___[org].jpg,2.0670632696747835,IndirapuramGhaziabad_UPPCB,97.0
2022-01-22 16:49:10+05:30,28.649286,77.379147,20220122_164910___28.649286_77.379147___[org].jpg,2.08775675079131,IndirapuramGhaziabad_UPPCB,97.0
2022-01-22 16:49:23+05:30,28.647227,77.379171,20220122_164923___28.647227_77.379171___[org].jpg,2.0654614472255775,IndirapuramGhaziabad_UPPCB,97.0
2022-01-22 16:49:53+05:30,28.647287,77.378974,20220122_164953___28.647287_77.378974___[org].jpg,2.046596956407294,IndirapuramGhaziabad_UPPCB,97.0
2022-01-22 16:51:44+05:30,28.647714,77.371573,20220122_165144___28.647714_77.371573___[org].jpg,1.3298428678253762,IndirapuramGhaziabad_UPPCB,97.0
2022-01-22 16:52:00+05:30,28.647696,77.37124,20220122_165200___28.647696_77.37124___[org].jpg,1.2972905004271587,IndirapuramGhaziabad_UPPCB,97.0
2022-01-22 16:52:10+05:30,28.64777,77.370468,20220122_165210___28.64777_77.370468___[org].jpg,1.2235561667978323,IndirapuramGhaziabad_UPPCB,97.0
2022-01-22 16:52:24+05:30,28.647647,77.369527,20220122_165224___28.647647_77.369527___[org].jpg,1.1305553117464764,IndirapuramGhaziabad_UPPCB,97.0
2022-01-22 16:53:06+05:30,28.646038,77.369576,20220122_165306___28.646038_77.369576___[org].jpg,1.1246479824168218,IndirapuramGhaziabad_UPPCB,97.0
2022-01-22 16:53:24+05:30,28.645953,77.370585,20220122_165324___28.645953_77.370585___[org].jpg,1.2234832562411382,IndirapuramGhaziabad_UPPCB,97.0
2022-01-22 16:53:35+05:30,28.645836,77.37199,20220122_165335___28.645836_77.37199___[org].jpg,1.3611671025641283,IndirapuramGhaziabad_UPPCB,97.0
2022-01-22 16:53:53+05:30,28.645883,77.372503,20220122_165353___28.645883_77.372503___[org].jpg,1.4111442168077641,IndirapuramGhaziabad_UPPCB,97.0
2022-01-22 16:54:11+05:30,28.645898,77.372903,20220122_165411___28.645898_77.372903___[org].jpg,1.4501938148981504,IndirapuramGhaziabad_UPPCB,97.0
2022-01-22 16:54:34+05:30,28.645549,77.374325,20220122_165434___28.645549_77.374325___[org].jpg,1.5905561464785531,IndirapuramGhaziabad_UPPCB,97.0
2022-01-22 16:55:26+05:30,28.64151,77.374468,20220122_165526___28.64151_77.374468___[org].jpg,1.6860723676213627,IndirapuramGhaziabad_UPPCB,97.0
2022-01-22 16:55:44+05:30,28.641457,77.374256,20220122_165544___28.641457_77.374256___[org].jpg,1.668236375187332,IndirapuramGhaziabad_UPPCB,97.0
2022-01-22 16:57:08+05:30,28.640177,77.36905,20220122_165708___28.640177_77.36905___[org].jpg,1.2656671098489491,IndirapuramGhaziabad_UPPCB,97.0
2022-01-22 16:57:13+05:30,28.640177,77.36905,20220122_165713___28.640177_77.36905___[org].jpg,1.2656671098489491,IndirapuramGhaziabad_UPPCB,97.0
2022-01-22 16:57:19+05:30,28.639326,77.370339,20220122_165719___28.639326_77.370339___[org].jpg,1.42259518638397,IndirapuramGhaziabad_UPPCB,97.0
2022-01-22 16:59:18+05:30,28.635746,77.369029,20220122_165918___28.635746_77.369029___[org].jpg,1.5804894321921472,IndirapuramGhaziabad_UPPCB,97.0
2022-01-22 16:59:25+05:30,28.635858,77.36872,20220122_165925___28.635858_77.36872___[org].jpg,1.5509490880201255,IndirapuramGhaziabad_UPPCB,97.0
2022-01-22 16:59:44+05:30,28.6353,77.368761,20220122_165944___28.6353_77.368761___[org].jpg,1.5999548841363656,IndirapuramGhaziabad_UPPCB,97.0
2022-01-22 17:00:24+05:30,28.633316,77.365818,20220122_170024___28.633316_77.365818___[org].jpg,1.2541376110452802,Sector62Noida_IMD,110.37
2022-01-22 17:01:06+05:30,28.631952,77.370305,20220122_170106___28.631952_77.370305___[org].jpg,1.47991115978593,Sector62Noida_IMD,110.37
2022-01-22 17:01:14+05:30,28.631952,77.370305,20220122_170114___28.631952_77.370305___[org].jpg,1.47991115978593,Sector62Noida_IMD,110.37
2022-01-22 17:01:21+05:30,28.632127,77.367279,20220122_170121___28.632127_77.367279___[org].jpg,1.2574017255117338,Sector62Noida_IMD,110.37
2022-01-22 17:01:42+05:30,28.631513,77.367531,20220122_170142___28.631513_77.367531___[org].jpg,1.2321096689232536,Sector62Noida_IMD,110.37
2022-01-22 17:01:46+05:30,28.631513,77.367531,20220122_170146___28.631513_77.367531___[org].jpg,1.2321096689232536,Sector62Noida_IMD,110.37
2022-01-22 17:01:53+05:30,28.631509,77.367941,20220122_170153___28.631509_77.367941___[org].jpg,1.263336661976734,Sector62Noida_IMD,110.37
2022-01-22 17:02:04+05:30,28.631498,77.369746,20220122_170204___28.631498_77.369746___[org].jpg,1.406571462238888,Sector62Noida_IMD,110.37
2022-01-22 17:02:07+05:30,28.631498,77.369746,20220122_170207___28.631498_77.369746___[org].jpg,1.406571462238888,Sector62Noida_IMD,110.37
2022-01-22 17:02:37+05:30,28.631417,77.368168,20220122_170237___28.631417_77.368168___[org].jpg,1.2748713684359279,Sector62Noida_IMD,110.37
2022-01-22 17:03:11+05:30,28.631952,77.370305,20220122_170311___28.631952_77.370305___[org].jpg,1.47991115978593,Sector62Noida_IMD,110.37
2022-01-22 17:03:25+05:30,28.6292,77.36497,20220122_170325___28.6292_77.36497___[org].jpg,0.8773719117854312,Sector62Noida_IMD,110.37
2022-01-22 17:03:28+05:30,28.628635,77.364955,20220122_170328___28.628635_77.364955___[org].jpg,0.8408647889851851,Sector62Noida_IMD,110.37
2022-01-22 17:03:30+05:30,28.628635,77.364955,20220122_170330___28.628635_77.364955___[org].jpg,0.8408647889851851,Sector62Noida_IMD,110.37
2022-01-22 17:03:36+05:30,28.628281,77.364846,20220122_170336___28.628281_77.364846___[org].jpg,0.811210600010404,Sector62Noida_IMD,110.37
2022-01-22 17:04:41+05:30,28.630825,77.366612,20220122_170441___28.630825_77.366612___[org].jpg,1.1143023014134805,Sector62Noida_IMD,110.37
2022-01-22 17:05:09+05:30,28.631465,77.364205,20220122_170509___28.631465_77.364205___[org].jpg,0.995505618697716,Sector62Noida_IMD,110.37
2022-01-22 17:06:56+05:30,28.631106,77.361334,20220122_170656___28.631106_77.361334___[org].jpg,0.808603314027289,Sector62Noida_IMD,110.37
2022-01-22 17:08:02+05:30,28.632443,77.350381,20220122_170802___28.632443_77.350381___[org].jpg,1.1310676934023618,Sector62Noida_IMD,102.96
2022-01-22 17:11:17+05:30,28.632295,77.347338,20220122_171117___28.632295_77.347338___[org].jpg,1.3288902738666302,Sector62Noida_IMD,102.96
2022-01-22 17:11:24+05:30,28.632295,77.347338,20220122_171124___28.632295_77.347338___[org].jpg,1.3288902738666302,Sector62Noida_IMD,102.96
2022-01-22 17:15:17+05:30,28.62926,77.316741,20220122_171517___28.62926_77.316741___[org].jpg,2.0370964725150533,AnandVihar_DPCC,207.0
2022-01-22 17:16:38+05:30,28.6238,77.308013,20220122_171638___28.6238_77.308013___[org].jpg,2.0344197734411993,Patparganj_DPCC,143.0
2022-01-22 17:16:45+05:30,28.6238,77.308013,20220122_171645___28.6238_77.308013___[org].jpg,2.0344197734411993,Patparganj_DPCC,143.0
2022-01-22 17:17:49+05:30,28.621001,77.299953,20220122_171749___28.621001_77.299953___[org].jpg,1.2832916184780503,Patparganj_DPCC,143.0
2022-01-22 17:18:57+05:30,28.617455,77.289189,20220122_171857___28.617455_77.289189___[org].jpg,0.7254314938298403,Patparganj_DPCC,143.0
2022-01-22 17:19:07+05:30,28.617455,77.289189,20220122_171907___28.617455_77.289189___[org].jpg,0.7254314938298403,Patparganj_DPCC,143.0
2022-01-22 17:19:13+05:30,28.617153,77.28827,20220122_171913___28.617153_77.28827___[org].jpg,0.7398944938801738,Patparganj_DPCC,143.0
2022-01-22 17:21:10+05:30,28.61436,77.284087,20220122_172110___28.61436_77.284087___[org].jpg,1.0859330478123492,Patparganj_DPCC,143.0
2022-01-22 17:21:46+05:30,28.611908,77.284695,20220122_172146___28.611908_77.284695___[org].jpg,1.3366883198049595,Patparganj_DPCC,143.0
2022-01-22 17:21:55+05:30,28.611058,77.285139,20220122_172155___28.611058_77.285139___[org].jpg,1.4225659763432246,Patparganj_DPCC,143.0
2022-01-22 17:23:03+05:30,28.605513,77.289196,20220122_172303___28.605513_77.289196___[org].jpg,2.0319506007283525,Patparganj_DPCC,143.0
2022-01-22 17:24:34+05:30,28.596983,77.292413,20220122_172434___28.596983_77.292413___[org].jpg,1.9044707546761919,Sector1Noida_UPPCB,122.0
2022-01-22 17:24:40+05:30,28.596983,77.292413,20220122_172440___28.596983_77.292413___[org].jpg,1.9044707546761919,Sector1Noida_UPPCB,122.0
2022-01-22 17:25:10+05:30,28.59018,77.296153,20220122_172510___28.59018_77.296153___[org].jpg,1.3649584502697059,Sector1Noida_UPPCB,122.0
2022-01-22 17:26:46+05:30,28.581544,77.303543,20220122_172646___28.581544_77.303543___[org].jpg,1.1174412422063875,Sector1Noida_UPPCB,122.0
2022-01-22 17:27:58+05:30,28.585753,77.310184,20220122_172758___28.585753_77.310184___[org].jpg,0.4486002043864285,Sector1Noida_UPPCB,122.0
2022-01-22 17:28:02+05:30,28.585753,77.310184,20220122_172802___28.585753_77.310184___[org].jpg,0.4486002043864285,Sector1Noida_UPPCB,122.0
2022-01-22 17:28:06+05:30,28.585753,77.310184,20220122_172806___28.585753_77.310184___[org].jpg,0.4486002043864285,Sector1Noida_UPPCB,122.0
2022-01-22 17:28:09+05:30,28.586905,77.310547,20220122_172809___28.586905_77.310547___[org].jpg,0.32381587264110334,Sector1Noida_UPPCB,122.0
2022-01-22 17:28:22+05:30,28.58775,77.310007,20220122_172822___28.58775_77.310007___[org].jpg,0.22738153773427194,Sector1Noida_UPPCB,122.0
2022-01-22 17:31:05+05:30,28.586256,77.310865,20220122_173105___28.586256_77.310865___[org].jpg,0.3998433723365126,Sector1Noida_UPPCB,122.0
2022-01-22 17:31:09+05:30,28.586256,77.310865,20220122_173109___28.586256_77.310865___[org].jpg,0.3998433723365126,Sector1Noida_UPPCB,122.0
2022-01-22 17:31:16+05:30,28.586185,77.311186,20220122_173116___28.586185_77.311186___[org].jpg,0.41449230518952684,Sector1Noida_UPPCB,122.0
2022-01-22 17:31:39+05:30,28.585078,77.311949,20220122_173139___28.585078_77.311949___[org].jpg,0.5537100763500414,Sector1Noida_UPPCB,122.0
2022-01-22 17:32:43+05:30,28.580738,77.315232,20220122_173243___28.580738_77.315232___[org].jpg,1.1228207065330185,Sector1Noida_UPPCB,122.0
2022-01-22 17:33:33+05:30,28.576826,77.319188,20220122_173333___28.576826_77.319188___[org].jpg,1.6905488135861522,Sector1Noida_UPPCB,122.0
2022-01-22 17:33:36+05:30,28.576826,77.319188,20220122_173336___28.576826_77.319188___[org].jpg,1.6905488135861522,Sector1Noida_UPPCB,122.0
2022-01-22 17:33:47+05:30,28.577876,77.318616,20220122_173347___28.577876_77.318616___[org].jpg,1.562199626099125,Sector1Noida_UPPCB,122.0
2022-01-22 17:35:24+05:30,28.574142,77.322935,20220122_173524___28.574142_77.322935___[org].jpg,2.1419779597188486,Sector1Noida_UPPCB,122.0
2022-01-22 17:36:01+05:30,28.574091,77.322969,20220122_173601___28.574091_77.322969___[org].jpg,2.1485073012299742,Sector1Noida_UPPCB,122.0
2022-01-22 17:50:37+05:30,28.556887,77.327238,20220122_175037___28.556887_77.327238___[org].jpg,1.402882983204776,Sector125Noida_UPPCB,64.0
2022-01-22 17:50:45+05:30,28.556887,77.327238,20220122_175045___28.556887_77.327238___[org].jpg,1.402882983204776,Sector125Noida_UPPCB,64.0
2022-01-22 17:50:52+05:30,28.553466,77.327022,20220122_175052___28.553466_77.327022___[org].jpg,1.0373939282294722,Sector125Noida_UPPCB,64.0
2022-01-22 17:51:01+05:30,28.552728,77.328239,20220122_175101___28.552728_77.328239___[org].jpg,1.014917403275648,Sector125Noida_UPPCB,64.0
2022-01-22 17:51:08+05:30,28.551897,77.329415,20220122_175108___28.551897_77.329415___[org].jpg,1.0021539340852559,Sector125Noida_UPPCB,64.0
2022-01-22 17:51:11+05:30,28.551897,77.329415,20220122_175111___28.551897_77.329415___[org].jpg,1.0021539340852559,Sector125Noida_UPPCB,64.0
2022-01-22 17:51:17+05:30,28.551215,77.330123,20220122_175117___28.551215_77.330123___[org].jpg,0.9902294710829386,Sector125Noida_UPPCB,64.0
2022-01-22 17:52:22+05:30,28.547437,77.329289,20220122_175222___28.547437_77.329289___[org].jpg,0.6721314764753163,Sector125Noida_UPPCB,64.0
2022-01-22 17:52:30+05:30,28.547133,77.329797,20220122_175230___28.547133_77.329797___[org].jpg,0.7038126313684069,Sector125Noida_UPPCB,64.0
2022-01-22 17:52:40+05:30,28.546833,77.329564,20220122_175240___28.546833_77.329564___[org].jpg,0.6706141000526669,Sector125Noida_UPPCB,64.0
2022-01-22 17:52:47+05:30,28.546299,77.329024,20220122_175247___28.546299_77.329024___[org].jpg,0.601867746194238,Sector125Noida_UPPCB,64.0
2022-01-22 17:53:32+05:30,28.54459,77.327152,20220122_175332___28.54459_77.327152___[org].jpg,0.3944796281521742,Sector125Noida_UPPCB,64.0
2022-01-22 17:54:06+05:30,28.543966,77.32795,20220122_175406___28.543966_77.32795___[org].jpg,0.4802682256051921,Sector125Noida_UPPCB,64.0
2022-01-22 17:54:21+05:30,28.541204,77.330962,20220122_175421___28.541204_77.330962___[org].jpg,0.8622741370081676,Sector125Noida_UPPCB,64.0
2022-01-22 17:54:40+05:30,28.540366,77.33232,20220122_175440___28.540366_77.33232___[org].jpg,1.023167786859459,Sector125Noida_UPPCB,64.0
2022-01-22 17:55:28+05:30,28.538931,77.33547,20220122_175528___28.538931_77.33547___[org].jpg,1.3700045554638325,Sector125Noida_UPPCB,64.0
2022-01-22 18:27:05+05:30,28.468129,77.490014,20220122_182705___28.468129_77.490014___[org].jpg,0.9353237964595119,KnowledgeParkIIIGreaterNoida_UPPCB,80.0
2022-01-22 18:27:28+05:30,28.469431,77.489894,20220122_182728___28.469431_77.489894___[org].jpg,0.8546919667836649,KnowledgeParkIIIGreaterNoida_UPPCB,80.0
2022-01-22 18:27:41+05:30,28.470627,77.488803,20220122_182741___28.470627_77.488803___[org].jpg,0.7054461963029368,KnowledgeParkIIIGreaterNoida_UPPCB,80.0
2022-01-22 18:27:47+05:30,28.471369,77.488126,20220122_182747___28.471369_77.488126___[org].jpg,0.6183208048550058,KnowledgeParkIIIGreaterNoida_UPPCB,80.0
2022-01-22 18:28:03+05:30,28.47207,77.487583,20220122_182803___28.47207_77.487583___[org].jpg,0.5514662059275129,KnowledgeParkIIIGreaterNoida_UPPCB,80.0
2022-01-22 18:28:39+05:30,28.474239,77.485458,20220122_182839___28.474239_77.485458___[org].jpg,0.3781739716871364,KnowledgeParkIIIGreaterNoida_UPPCB,80.0
2022-01-22 18:28:47+05:30,28.474239,77.485458,20220122_182847___28.474239_77.485458___[org].jpg,0.3781739716871364,KnowledgeParkIIIGreaterNoida_UPPCB,80.0
2022-01-22 18:29:04+05:30,28.475996,77.483764,20220122_182904___28.475996_77.483764___[org].jpg,0.40207003581127637,KnowledgeParkIIIGreaterNoida_UPPCB,80.0
2022-01-22 18:29:36+05:30,28.477578,77.482202,20220122_182936___28.477578_77.482202___[org].jpg,0.5387615904596301,KnowledgeParkIIIGreaterNoida_UPPCB,80.0
